<?xml version="1.0" encoding="UTF-8" ?>
<!DOCTYPE tiles-definitions PUBLIC
       "-//Apache Software Foundation//DTD Tiles Configuration 3.0//EN"
       "http://tiles.apache.org/dtds/tiles-config_3_0.dtd">
<tiles-definitions>

	<definition name="estore" template="/WEB-INF/views/layout.jsp">
		<put-attribute name="body" value="" />
	</definition>
	
	<definition name="*/*" extends="estore">
		<put-attribute name="body" value="/WEB-INF/views/{1}/{2}.jsp" />
	</definition>
	
	<definition name="admin/*/*" template="/WEB-INF/views/admin/layout.jsp">
		<put-attribute name="body" value="/WEB-INF/views/admin/{1}/{2}.jsp" />
	</definition>

</tiles-definitions>